1,-2360.00
2,-2360.00
3,-2360.00
4,-2300.00
5,1000.00
6,2280.00
7,2280.00
8,2300.00
9,2280.00
10,2320.00
11,2300.00
12,2300.00
13,2300.00
14,2300.00
15,2320.00
16,2300.00
17,2300.00
18,2320.00
19,2320.00
20,2300.00
21,2320.00
22,2300.00
23,2320.00
24,2300.00
25,2300.00
26,2300.00
27,2300.00
28,2300.00
29,2320.00
30,2320.00
31,2300.00
32,2320.00
33,2300.00
34,2300.00
35,2320.00
36,2320.00
37,2320.00
38,2320.00
39,2300.00
40,2320.00
41,2320.00
42,2320.00
43,2320.00
44,2280.00
45,2300.00
46,2300.00
47,2320.00
48,2300.00
49,2320.00
50,2320.00
51,2320.00
52,2320.00
53,2300.00
54,2300.00
55,2320.00
56,2320.00
57,2300.00
58,2300.00
59,2320.00
60,2320.00
61,2320.00
62,2320.00
63,2300.00
64,2320.00
65,2300.00
66,2320.00
67,2300.00
68,2320.00
69,2320.00
70,2320.00
71,2300.00
72,2320.00
73,2320.00
74,2320.00
75,2320.00
76,2320.00
77,2300.00
78,2320.00
79,2320.00
80,2300.00
81,2320.00
82,2320.00
83,2320.00
84,2320.00
85,2320.00
86,2320.00
87,2340.00
88,2320.00
89,2320.00
90,2320.00
91,2300.00
92,2320.00
93,2320.00
94,2320.00
95,2320.00
96,2320.00
97,2320.00
98,2320.00
99,2320.00
100,2320.00
101,2300.00
102,2320.00
103,2320.00
104,2320.00
105,2320.00
106,2320.00
107,2320.00
108,2320.00
109,2320.00
110,2320.00
111,2320.00
112,2300.00
113,2300.00
114,2280.00
115,2300.00
116,2320.00
117,2340.00
118,2320.00
119,2320.00
120,2320.00
121,2320.00
122,2320.00
123,2320.00
124,2320.00
125,2320.00
126,2340.00
127,2320.00
128,2320.00
129,2320.00
130,2320.00
131,2320.00
132,2340.00
133,2320.00
134,2340.00
135,2320.00
136,2340.00
137,2320.00
138,2320.00
139,2320.00
140,2320.00
141,2320.00
142,2320.00
143,2300.00
144,2320.00
145,2320.00
146,2320.00
147,2320.00
148,2320.00
149,2320.00
150,2320.00
151,2340.00
152,2320.00
153,2320.00
154,2340.00
155,2320.00
156,2320.00
157,2320.00
158,2340.00
159,2320.00
160,2320.00
161,2300.00
162,2320.00
163,2320.00
164,2320.00
165,2320.00
166,2320.00
167,2320.00
168,2340.00
169,2320.00
170,2340.00
171,2340.00
172,2340.00
173,2320.00
174,2340.00
175,2340.00
176,2320.00
177,2320.00
178,2340.00
179,2320.00
180,2280.00
181,2320.00
182,2300.00
183,2320.00
184,2320.00
185,2320.00
186,2320.00
187,2340.00
188,2280.00
189,2320.00
190,2320.00
191,2340.00
192,2320.00
193,2320.00
194,2320.00
195,2340.00
196,2340.00
197,2320.00
198,2320.00
199,2320.00
200,2320.00
201,2320.00
202,2340.00
203,2320.00
204,2340.00
205,2320.00
206,2340.00
207,2320.00
208,2320.00
209,2320.00
210,2320.00
211,2320.00
212,2340.00
213,2340.00
214,2320.00
215,2320.00
216,2320.00
217,2320.00
218,2320.00
219,2320.00
220,2320.00
221,2320.00
222,2320.00
223,2340.00
224,2320.00
225,2320.00
226,2320.00
227,2320.00
228,2320.00
229,2320.00
230,2320.00
231,2320.00
232,2320.00
233,2320.00
234,2340.00
235,2320.00
236,2320.00
237,2320.00
238,2340.00
239,2320.00
240,2320.00
241,2340.00
242,2340.00
243,2340.00
244,2320.00
245,2340.00
246,2320.00
247,2340.00
248,2320.00
249,2340.00
250,2320.00
251,2320.00
252,2320.00
253,2320.00
254,2320.00
255,2320.00
256,2320.00
257,2320.00
258,2320.00
259,2340.00
260,2320.00
261,2340.00
262,2340.00
263,2340.00
264,2340.00
265,2320.00
266,2320.00
267,2340.00
268,2340.00
269,2340.00
270,2340.00
271,2340.00
272,2340.00
273,2320.00
274,2340.00
275,2320.00
276,2340.00
277,2320.00
278,2340.00
279,2320.00
280,2340.00
281,2320.00
282,2320.00
283,2340.00
284,2320.00
285,2340.00
286,2320.00
287,2320.00
288,2320.00
289,2340.00
290,2340.00
291,2340.00
292,2320.00
293,2320.00
294,2340.00
295,2320.00
296,2340.00
297,2320.00
298,2340.00
299,2320.00
300,2340.00
301,2340.00
302,2340.00
303,2320.00
304,2340.00
305,2320.00
306,2340.00
307,2340.00
308,2340.00
309,2340.00
310,2340.00
311,2320.00
312,2340.00
313,2320.00
314,2320.00
315,2360.00
316,2340.00
317,2340.00
318,2320.00
319,2340.00
320,2320.00
321,2340.00
322,2320.00
323,2340.00
324,2340.00
325,2340.00
326,2320.00
327,2320.00
328,2320.00
329,2320.00
330,2340.00
331,2320.00
332,2340.00
333,2340.00
334,2320.00
335,2320.00
336,2340.00
337,2320.00
338,2340.00
339,2340.00
340,2340.00
341,2340.00
342,2320.00
343,2340.00
344,2320.00
345,2320.00
346,2340.00
347,2340.00
348,2340.00
349,2340.00
350,2320.00
351,2340.00
352,2320.00
353,2340.00
354,2340.00
355,2340.00
356,2360.00
357,2340.00
358,2360.00
359,2340.00
360,2340.00
361,2320.00
362,2320.00
363,2320.00
364,2340.00
365,2340.00
366,2340.00
367,2320.00
368,2340.00
369,2340.00
370,2340.00
371,2340.00
372,2340.00
373,2320.00
374,2340.00
375,2320.00
376,2340.00
377,2340.00
378,2340.00
379,2340.00
380,2340.00
381,2340.00
382,2340.00
383,2340.00
384,2340.00
385,2340.00
386,2340.00
387,2340.00
388,2340.00
389,2340.00
390,2340.00
391,2320.00
392,2320.00
393,2340.00
394,2340.00
395,2320.00
396,2320.00
397,2340.00
398,2340.00
399,2340.00
400,2340.00
401,2340.00
402,2340.00
403,2320.00
404,2340.00
405,2340.00
406,2340.00
407,2340.00
408,2340.00
409,2320.00
410,2320.00
411,2340.00
412,2340.00
413,2340.00
414,2340.00
415,2340.00
416,2340.00
417,2340.00
418,2340.00
419,2340.00
420,2340.00
421,2340.00
422,2340.00
423,2340.00
424,2340.00
425,2340.00
426,2340.00
427,2320.00
428,2340.00
429,2320.00
430,2340.00
431,2340.00
432,2340.00
433,2340.00
434,2340.00
435,2340.00
436,2340.00
437,2320.00
438,2340.00
439,2360.00
440,2340.00
441,2340.00
442,2320.00
443,2340.00
444,2340.00
445,2340.00
446,2340.00
447,2360.00
448,2340.00
449,2340.00
450,2320.00
451,2340.00
452,2340.00
453,2340.00
454,2320.00
455,2340.00
456,2340.00
457,2340.00
458,2340.00
459,2340.00
460,2340.00
461,2340.00
462,2320.00
463,2340.00
464,2340.00
465,2320.00
466,2340.00
467,2320.00
468,2360.00
469,2340.00
470,2340.00
471,2340.00
472,2340.00
473,2340.00
474,2340.00
475,2340.00
476,2320.00
477,2340.00
478,2340.00
479,2320.00
480,2320.00
481,2360.00
482,2340.00
483,2340.00
484,2340.00
485,2340.00
486,2340.00
487,2340.00
488,2340.00
489,2340.00
490,2360.00
491,2340.00
492,2360.00
493,2340.00
494,2340.00
495,2340.00
496,2340.00
497,2340.00
498,2340.00
499,2340.00
500,2360.00
501,2340.00
502,2320.00
503,2340.00
504,2340.00
505,2340.00
506,2340.00
507,2340.00
508,2340.00
509,2340.00
510,2340.00
511,2360.00
512,2340.00
513,2340.00
514,2340.00
515,2340.00
516,2320.00
517,2360.00
518,2320.00
519,2340.00
520,2340.00
521,2340.00
522,2340.00
523,2340.00
524,2340.00
525,2360.00
526,2340.00
527,2340.00
528,2360.00
529,2340.00
530,2340.00
531,2340.00
532,2360.00
533,2340.00
534,2340.00
535,2340.00
536,2340.00
537,2340.00
538,2340.00
539,2340.00
540,2340.00
541,2340.00
542,2340.00
543,2340.00
544,2340.00
545,2340.00
546,2360.00
547,2360.00
548,2340.00
549,2340.00
550,2340.00
551,2340.00
552,2340.00
553,2360.00
554,2340.00
555,2340.00
556,2340.00
557,2340.00
558,2360.00
559,2340.00
560,2340.00
561,2320.00
562,2360.00
563,2340.00
564,2340.00
565,2340.00
566,2340.00
567,2340.00
568,2340.00
569,2360.00
570,2360.00
571,2360.00
572,2340.00
573,2340.00
574,2340.00
575,2340.00
576,2320.00
577,2340.00
578,2340.00
579,2340.00
580,2340.00
581,2340.00
582,2340.00
583,2340.00
584,2340.00
585,2340.00
586,2340.00
587,2360.00
588,2360.00
589,2340.00
590,2340.00
591,2340.00
592,2360.00
593,2340.00
594,2360.00
595,2340.00
596,2360.00
597,2340.00
598,2340.00
599,2340.00
600,2340.00
601,2340.00
602,2340.00
603,2360.00
604,2340.00
605,2340.00
606,2340.00
607,2340.00
608,2340.00
609,2360.00
610,2360.00
611,2360.00
612,2340.00
613,2340.00
614,2340.00
615,2340.00
616,2360.00
617,2360.00
618,2340.00
619,2360.00
620,2340.00
621,2340.00
622,2340.00
623,2340.00
624,2340.00
625,2360.00
626,2340.00
627,2340.00
628,2340.00
629,2340.00
630,2340.00
631,2340.00
632,2340.00
633,2320.00
634,2360.00
635,2360.00
636,2360.00
637,2340.00
638,2360.00
639,2340.00
640,2340.00
641,2340.00
642,2340.00
643,2340.00
644,2340.00
645,2360.00
646,2340.00
647,2340.00
648,2340.00
649,2360.00
650,2340.00
651,2340.00
652,2340.00
653,2340.00
654,2340.00
655,2340.00
656,2340.00
657,2320.00
658,2360.00
659,2340.00
660,2340.00
661,2340.00
662,2360.00
663,2340.00
664,2360.00
665,2360.00
666,2340.00
667,2360.00
668,2340.00
669,2340.00
670,2340.00
671,2320.00
672,2340.00
673,2360.00
674,2360.00
675,2360.00
676,2340.00
677,2340.00
678,2340.00
679,2340.00
680,2340.00
681,2340.00
682,2340.00
683,2340.00
684,2340.00
685,2360.00
686,2340.00
687,2340.00
688,2340.00
689,2340.00
690,2340.00
691,2340.00
692,2340.00
693,2360.00
694,2340.00
695,2340.00
696,2340.00
697,2340.00
698,2340.00
699,2340.00
700,2340.00
701,2340.00
702,2340.00
703,2360.00
704,2340.00
705,2360.00
706,2360.00
707,2340.00
708,2340.00
709,2360.00
710,2340.00
711,2340.00
712,2340.00
713,2360.00
714,2340.00
715,2360.00
716,2340.00
717,2360.00
718,2360.00
719,2340.00
720,2360.00
721,2360.00
722,2340.00
723,2360.00
724,2360.00
725,2340.00
726,2340.00
727,2360.00
728,2360.00
729,2340.00
730,2360.00
731,2340.00
732,2340.00
733,2340.00
734,2340.00
735,2340.00
736,2360.00
737,2380.00
738,2360.00
739,2340.00
740,2340.00
741,2360.00
742,2340.00
743,2360.00
744,2360.00
745,2340.00
746,2340.00
747,2340.00
748,2360.00
749,2340.00
750,2340.00
751,2360.00
752,2340.00
753,2360.00
754,2340.00
755,2340.00
756,2340.00
757,2340.00
758,2340.00
759,2360.00
760,2360.00
761,2340.00
762,2340.00
763,2340.00
764,2340.00
765,2340.00
766,2360.00
767,2340.00
768,2360.00
769,2360.00
770,2360.00
771,2360.00
772,2340.00
773,2340.00
774,2340.00
775,2360.00
776,2340.00
777,2340.00
778,2340.00
779,2360.00
780,2340.00
781,2360.00
782,2340.00
783,2360.00
784,2360.00
785,2340.00
786,2340.00
787,2340.00
788,2340.00
789,2340.00
790,2340.00
791,2340.00
792,2360.00
793,2340.00
794,2340.00
795,2340.00
796,2340.00
797,2340.00
798,2340.00
799,2340.00
800,2340.00
801,2340.00
802,2340.00
803,2340.00
804,2340.00
805,2340.00
806,2340.00
807,2360.00
808,2340.00
809,2340.00
810,2340.00
811,2360.00
812,2320.00
813,2340.00
814,2340.00
815,2360.00
816,2340.00
817,2340.00
818,2340.00
819,2360.00
820,2360.00
821,2340.00
822,2360.00
823,2340.00
824,2340.00
825,2340.00
826,2320.00
827,2340.00
828,2340.00
829,2340.00
830,2360.00
831,2340.00
832,2340.00
833,2340.00
834,2360.00
835,2340.00
836,2340.00
837,2340.00
838,2340.00
839,2340.00
840,2340.00
841,2360.00
842,2320.00
843,2340.00
844,2340.00
845,2340.00
846,2340.00
847,2340.00
848,2340.00
849,2320.00
850,2340.00
851,2340.00
852,2340.00
853,2340.00
854,2340.00
855,2340.00
856,2360.00
857,2320.00
858,2360.00
859,2360.00
860,2360.00
861,2340.00
862,2340.00
863,2360.00
864,2340.00
865,2340.00
866,2360.00
867,2340.00
868,2340.00
869,2340.00
870,2360.00
871,2340.00
872,2340.00
873,2340.00
874,2340.00
875,2360.00
876,2340.00
877,2340.00
878,2340.00
879,2340.00
880,2340.00
881,2340.00
882,2340.00
883,2360.00
884,2340.00
885,2340.00
886,2340.00
887,2340.00
888,2340.00
889,2340.00
890,2360.00
891,2360.00
892,2340.00
893,2340.00
894,2340.00
895,2340.00
896,2340.00
897,2340.00
898,2340.00
899,2340.00
900,2340.00
901,2360.00
902,2340.00
903,2360.00
904,2340.00
905,2340.00
906,2340.00
907,2340.00
908,2340.00
909,2340.00
910,2340.00
911,2340.00
912,2340.00
913,2360.00
914,2340.00
915,2340.00
916,2340.00
917,2360.00
918,2340.00
919,2340.00
920,2340.00
921,2340.00
922,2340.00
923,2360.00
924,2360.00
925,2360.00
926,2340.00
927,2340.00
928,2340.00
929,2320.00
930,2340.00
931,2340.00
932,2340.00
933,2340.00
934,2360.00
935,2360.00
936,2340.00
937,2360.00
938,2340.00
939,2340.00
940,2340.00
941,2340.00
942,2340.00
943,2360.00
944,2340.00
945,2360.00
946,2340.00
947,2360.00
948,2360.00
949,2360.00
950,2340.00
951,2340.00
952,2360.00
953,2340.00
954,2340.00
955,2340.00
956,2340.00
957,2340.00
958,2360.00
959,2340.00
960,2360.00
961,2320.00
962,2360.00
963,2340.00
964,2360.00
965,2340.00
966,2340.00
967,2340.00
968,2320.00
969,2340.00
970,2340.00
971,2340.00
972,2360.00
973,2360.00
974,2340.00
975,2360.00
976,2340.00
977,2340.00
978,2340.00
979,2340.00
980,2340.00
981,2340.00
982,2340.00
983,2360.00
984,2340.00
985,2360.00
986,2340.00
987,2340.00
988,2340.00
989,2340.00
990,2340.00
991,2340.00
992,2360.00
993,2340.00
994,2360.00
995,2340.00
996,2340.00
997,2340.00
998,2360.00
999,2340.00
1000,2360.00
1001,2360.00
1002,2340.00
1003,2340.00
1004,2340.00
1005,2360.00
1006,2340.00
1007,2340.00
1008,2340.00
1009,2360.00
1010,2340.00
1011,2340.00
1012,2340.00
1013,2340.00
1014,2340.00
1015,2340.00
1016,2360.00
1017,2340.00
1018,2340.00
1019,2360.00
1020,2340.00
1021,2340.00
1022,2340.00
1023,2340.00
1024,2340.00
1025,2340.00
1026,2360.00
1027,2340.00
1028,2360.00
1029,2340.00
1030,2340.00
1031,2340.00
1032,2340.00
1033,2340.00
1034,2340.00
1035,2340.00
1036,2340.00
1037,2340.00
1038,2360.00
1039,2360.00
1040,2340.00
1041,2360.00
1042,2360.00
1043,2360.00
1044,2340.00
1045,2340.00
1046,2320.00
1047,2340.00
1048,2340.00
1049,2340.00
1050,2340.00
1051,2340.00
1052,2340.00
1053,2340.00
1054,2340.00
1055,2340.00
1056,2340.00
1057,2320.00
1058,2360.00
1059,2340.00
1060,2340.00
1061,2340.00
1062,2360.00
1063,2340.00
1064,2360.00
1065,2320.00
1066,2340.00
1067,2360.00
1068,2340.00
1069,2340.00
1070,2340.00
1071,2340.00
1072,2340.00
1073,2360.00
1074,2340.00
1075,2340.00
1076,2320.00
1077,2340.00
1078,2320.00
1079,2340.00
1080,2340.00
1081,2340.00
1082,2340.00
1083,2340.00
1084,2360.00
1085,2340.00
1086,2360.00
1087,2340.00
1088,2340.00
1089,2340.00
1090,2360.00
1091,2340.00
1092,2340.00
1093,2340.00
1094,2360.00
1095,2340.00
1096,2360.00
1097,2340.00
1098,2340.00
1099,2360.00
1100,2360.00
1101,2340.00
1102,2340.00
1103,2340.00
1104,2340.00
1105,2340.00
1106,2320.00
1107,2340.00
1108,2360.00
1109,2340.00
1110,2340.00
1111,2340.00
1112,2360.00
1113,2360.00
1114,2340.00
1115,2340.00
1116,2340.00
1117,2360.00
1118,2340.00
1119,2340.00
1120,2360.00
1121,2340.00
1122,2360.00
1123,2340.00
1124,2340.00
1125,2340.00
1126,2340.00
1127,2340.00
1128,2340.00
1129,2360.00
1130,2360.00
1131,2340.00
1132,2360.00
1133,2340.00
1134,2360.00
1135,2360.00
1136,2360.00
1137,2340.00
1138,2340.00
1139,2360.00
1140,2340.00
1141,2340.00
1142,2340.00
1143,2340.00
1144,2340.00
1145,2360.00
1146,2340.00
1147,2360.00
1148,2340.00
1149,2360.00
1150,2340.00
1151,2320.00
1152,2340.00
1153,2360.00
1154,2340.00
1155,2340.00
1156,2360.00
1157,2340.00
1158,2360.00
1159,2340.00
1160,2360.00
1161,2340.00
1162,2360.00
1163,2340.00
1164,2360.00
1165,2360.00
1166,2320.00
1167,2340.00
1168,2340.00
1169,2340.00
1170,2340.00
1171,2340.00
1172,2340.00
1173,2360.00
1174,2340.00
1175,2360.00
1176,2340.00
1177,2340.00
1178,2340.00
1179,2360.00
1180,2360.00
1181,2360.00
1182,2340.00
1183,2360.00
1184,2340.00
1185,2340.00
1186,2320.00
1187,2340.00
1188,2340.00
1189,2340.00
1190,2340.00
1191,2360.00
1192,2340.00
1193,2340.00
1194,2340.00
1195,2340.00
1196,2340.00
1197,2340.00
1198,2360.00
1199,2360.00
1200,2340.00
1201,2340.00
1202,2340.00
1203,2360.00
1204,2340.00
1205,2340.00
1206,2340.00
1207,2340.00
1208,2340.00
1209,2320.00
1210,2340.00
1211,2340.00
1212,2360.00
1213,2360.00
1214,2340.00
1215,2340.00
1216,2360.00
1217,2360.00
1218,2340.00
1219,2340.00
1220,2360.00
1221,2340.00
1222,2360.00
1223,2340.00
1224,2340.00
1225,2340.00
1226,2360.00
1227,2340.00
1228,2340.00
1229,2340.00
1230,2340.00
1231,2360.00
1232,2360.00
1233,2360.00
1234,2340.00
1235,2340.00
1236,2340.00
1237,2340.00
1238,2340.00
1239,2340.00
1240,2340.00
1241,2360.00
1242,2340.00
1243,2340.00
1244,2360.00
1245,2360.00
1246,2340.00
1247,2340.00
1248,2360.00
1249,2340.00
1250,2340.00
1251,2340.00
1252,2360.00
1253,-2220.00
1254,-2280.00
1255,-2300.00
1256,-2300.00
1257,-2300.00
1258,-2300.00
1259,-2320.00
1260,-2320.00
1261,-2320.00
1262,-2320.00
1263,-2320.00
1264,-2320.00
1265,-2320.00
1266,-2340.00
1267,-2340.00
1268,-2340.00
1269,-2320.00
1270,-2340.00
1271,-2320.00
1272,-2320.00
1273,-2320.00
1274,-2340.00
1275,-2320.00
1276,-2320.00
1277,-2320.00
1278,-2340.00
1279,-2320.00
1280,-2320.00
1281,-2320.00
1282,-2320.00
1283,-2360.00
1284,-2340.00
1285,-2340.00
1286,-2320.00
1287,-2320.00
1288,-2320.00
1289,-2320.00
1290,-2340.00
1291,-2340.00
1292,-2320.00
1293,-2340.00
1294,-2320.00
1295,-2340.00
1296,-2320.00
1297,-2320.00
1298,-2320.00
1299,-2320.00
1300,-2340.00
1301,-2320.00
1302,-2340.00
1303,-2340.00
1304,-2320.00
1305,-2320.00
1306,-2320.00
1307,-2320.00
1308,-2340.00
1309,-2320.00
1310,-2320.00
1311,-2320.00
1312,-2320.00
1313,-2320.00
1314,-2320.00
1315,-2320.00
1316,-2340.00
1317,-2340.00
1318,-2320.00
1319,-2340.00
1320,-2340.00
1321,-2340.00
1322,-2320.00
1323,-2360.00
1324,-2340.00
1325,-2340.00
1326,-2340.00
1327,-2360.00
1328,-2340.00
1329,-2320.00
1330,-2340.00
1331,-2320.00
1332,-2340.00
1333,-2340.00
1334,-2340.00
1335,-2320.00
1336,-2320.00
1337,-2340.00
1338,-2340.00
1339,-2320.00
1340,-2340.00
1341,-2360.00
1342,-2340.00
1343,-2320.00
1344,-2340.00
1345,-2340.00
1346,-2340.00
1347,-2320.00
1348,-2320.00
1349,-2340.00
1350,-2320.00
1351,-2340.00
1352,-2320.00
1353,-2360.00
1354,-2340.00
1355,-2340.00
1356,-2340.00
1357,-2340.00
1358,-2340.00
1359,-2360.00
1360,-2320.00
1361,-2340.00
1362,-2340.00
1363,-2360.00
1364,-2340.00
1365,-2340.00
1366,-2340.00
1367,-2340.00
1368,-2340.00
1369,-2340.00
1370,-2340.00
1371,-2340.00
1372,-2320.00
1373,-2320.00
1374,-2340.00
1375,-2320.00
1376,-2360.00
1377,-2360.00
1378,-2340.00
1379,-2340.00
1380,-2340.00
1381,-2340.00
1382,-2340.00
1383,-2360.00
1384,-2340.00
1385,-2360.00
1386,-2320.00
1387,-2360.00
1388,-2340.00
1389,-2360.00
1390,-2320.00
1391,-2340.00
1392,-2340.00
1393,-2340.00
1394,-2340.00
1395,-2340.00
1396,-2320.00
1397,-2340.00
1398,-2340.00
1399,-2340.00
1400,-2340.00
1401,-2340.00
1402,-2340.00
1403,-2320.00
1404,-2340.00
1405,-2340.00
1406,-2340.00
1407,-2340.00
1408,-2340.00
1409,-2340.00
1410,-2340.00
1411,-2340.00
1412,-2340.00
1413,-2340.00
1414,-2340.00
1415,-2340.00
1416,-2360.00
1417,-2340.00
1418,-2340.00
1419,-2340.00
1420,-2340.00
1421,-2360.00
1422,-2340.00
1423,-2360.00
1424,-2320.00
1425,-2340.00
1426,-2340.00
1427,-2340.00
1428,-2340.00
1429,-2360.00
1430,-2340.00
1431,-2360.00
1432,-2360.00
1433,-2360.00
1434,-2360.00
1435,-2340.00
1436,-2360.00
1437,-2320.00
1438,-2340.00
1439,-2360.00
1440,-2340.00
1441,-2340.00
1442,-2340.00
1443,-2360.00
1444,-2360.00
1445,-2320.00
1446,-2320.00
1447,-2360.00
1448,-2340.00
1449,-2340.00
1450,-2340.00
1451,-2340.00
1452,-2340.00
1453,-2360.00
1454,-2360.00
1455,-2360.00
1456,-2340.00
1457,-2360.00
1458,-2340.00
1459,-2340.00
1460,-2360.00
1461,-2360.00
1462,-2360.00
1463,-2340.00
1464,-2340.00
1465,-2360.00
1466,-2340.00
1467,-2340.00
1468,-2340.00
1469,-2340.00
1470,-2360.00
1471,-2320.00
1472,-2360.00
1473,-2340.00
1474,-2320.00
1475,-2340.00
1476,-2360.00
1477,-2340.00
1478,-2360.00
1479,-2340.00
1480,-2360.00
1481,-2340.00
1482,-2360.00
1483,-2360.00
1484,-2340.00
1485,-2360.00
1486,-2340.00
1487,-2360.00
1488,-2340.00
1489,-2360.00
1490,-2340.00
1491,-2340.00
1492,-2340.00
1493,-2320.00
1494,-2340.00
1495,-2360.00
1496,-2340.00
1497,-2360.00
1498,-2340.00
1499,-2360.00
1500,-2360.00
1501,-2380.00
1502,-2360.00
1503,-2360.00
1504,-2340.00
1505,-2360.00
1506,-2340.00
1507,-2360.00
1508,-2360.00
1509,-2360.00
1510,-2360.00
1511,-2360.00
1512,-2340.00
1513,-2340.00
1514,-2340.00
1515,-2360.00
1516,-2340.00
1517,-2360.00
1518,-2340.00
1519,-2360.00
1520,-2360.00
1521,-2340.00
1522,-2340.00
1523,-2360.00
1524,-2340.00
1525,-2360.00
1526,-2340.00
1527,-2360.00
1528,-2380.00
1529,-2360.00
1530,-2360.00
1531,-2340.00
1532,-2340.00
1533,-2360.00
1534,-2360.00
1535,-2320.00
1536,-2340.00
1537,-2360.00
1538,-2360.00
1539,-2360.00
1540,-2360.00
1541,-2340.00
1542,-2360.00
1543,-2360.00
1544,-2360.00
1545,-2340.00
1546,-2360.00
1547,-2360.00
1548,-2360.00
1549,-2360.00
1550,-2340.00
1551,-2360.00
1552,-2340.00
1553,-2340.00
1554,-2360.00
1555,-2360.00
1556,-2360.00
1557,-2360.00
1558,-2340.00
1559,-2340.00
1560,-2360.00
1561,-2360.00
1562,-2360.00
1563,-2320.00
1564,-2360.00
1565,-2340.00
1566,-2360.00
1567,-2360.00
1568,-2380.00
1569,-2360.00
1570,-2360.00
1571,-2360.00
1572,-2360.00
1573,-2340.00
1574,-2360.00
1575,-2360.00
1576,-2360.00
1577,-2360.00
1578,-2360.00
1579,-2340.00
1580,-2340.00
1581,-2360.00
1582,-2360.00
1583,-2360.00
1584,-2360.00
1585,-2340.00
1586,-2340.00
1587,-2360.00
1588,-2360.00
1589,-2360.00
1590,-2340.00
1591,-2360.00
1592,-2360.00
1593,-2360.00
1594,-2340.00
1595,-2360.00
1596,-2340.00
1597,-2360.00
1598,-2360.00
1599,-2360.00
1600,-2360.00
1601,-2360.00
1602,-2360.00
1603,-2340.00
1604,-2340.00
1605,-2340.00
1606,-2360.00
1607,-2320.00
1608,-2360.00
1609,-2360.00
1610,-2360.00
1611,-2340.00
1612,-2360.00
1613,-2340.00
1614,-2360.00
1615,-2340.00
1616,-2360.00
1617,-2360.00
1618,-2360.00
1619,-2360.00
1620,-2360.00
1621,-2340.00
1622,-2360.00
1623,-2360.00
1624,-2340.00
1625,-2360.00
1626,-2360.00
1627,-2360.00
1628,-2360.00
1629,-2360.00
1630,-2360.00
1631,-2360.00
1632,-2360.00
1633,-2360.00
1634,-2400.00
1635,-2360.00
1636,-2360.00
1637,-2340.00
1638,-2360.00
1639,-2360.00
1640,-2360.00
1641,-2360.00
1642,-2340.00
1643,-2360.00
1644,-2360.00
1645,-2360.00
1646,-2360.00
1647,-2360.00
1648,-2360.00
1649,-2360.00
1650,-2360.00
1651,-2360.00
1652,-2340.00
1653,-2360.00
1654,-2360.00
1655,-2360.00
1656,-2340.00
1657,-2360.00
1658,-2360.00
1659,-2360.00
1660,-2360.00
1661,-2360.00
1662,-2340.00
1663,-2340.00
1664,-2360.00
1665,-2340.00
1666,-2360.00
1667,-2360.00
1668,-2360.00
1669,-2360.00
1670,-2360.00
1671,-2360.00
1672,-2340.00
1673,-2360.00
1674,-2360.00
1675,-2360.00
1676,-2360.00
1677,-2360.00
1678,-2360.00
1679,-2360.00
1680,-2360.00
1681,-2360.00
1682,-2360.00
1683,-2360.00
1684,-2360.00
1685,-2360.00
1686,-2360.00
1687,-2360.00
1688,-2340.00
1689,-2360.00
1690,-2360.00
1691,-2360.00
1692,-2360.00
1693,-2360.00
1694,-2360.00
1695,-2360.00
1696,-2360.00
1697,-2360.00
1698,-2360.00
1699,-2360.00
1700,-2360.00
1701,-2360.00
1702,-2360.00
1703,-2340.00
1704,-2360.00
1705,-2360.00
1706,-2360.00
1707,-2340.00
1708,-2360.00
1709,-2360.00
1710,-2360.00
1711,-2360.00
1712,-2360.00
1713,-2340.00
1714,-2360.00
1715,-2360.00
1716,-2360.00
1717,-2360.00
1718,-2360.00
1719,-2360.00
1720,-2360.00
1721,-2360.00
1722,-2360.00
1723,-2360.00
1724,-2360.00
1725,-2360.00
1726,-2360.00
1727,-2360.00
1728,-2360.00
1729,-2360.00
1730,-2360.00
1731,-2360.00
1732,-2360.00
1733,-2360.00
1734,-2360.00
1735,-2360.00
1736,-2360.00
1737,-2360.00
1738,-2360.00
1739,-2360.00
1740,-2380.00
1741,-2360.00
1742,-2360.00
1743,-2340.00
1744,-2360.00
1745,-2360.00
1746,-2360.00
1747,-2360.00
1748,-2340.00
1749,-2360.00
1750,-2360.00
1751,-2360.00
1752,-2340.00
1753,-2360.00
1754,-2360.00
1755,-2360.00
1756,-2360.00
1757,-2360.00
1758,-2380.00
1759,-2360.00
1760,-2360.00
1761,-2340.00
1762,-2360.00
1763,-2360.00
1764,-2360.00
1765,-2340.00
1766,-2360.00
1767,-2360.00
1768,-2360.00
1769,-2360.00
1770,-2360.00
1771,-2360.00
1772,-2360.00
1773,-2360.00
1774,-2360.00
1775,-2360.00
1776,-2360.00
1777,-2360.00
1778,-2360.00
1779,-2360.00
1780,-2360.00
1781,-2360.00
1782,-2360.00
1783,-2360.00
1784,-2320.00
1785,-2360.00
1786,-2360.00
1787,-2360.00
1788,-2360.00
1789,-2360.00
1790,-2360.00
1791,-2360.00
1792,-2360.00
1793,-2360.00
1794,-2360.00
1795,-2360.00
1796,-2360.00
1797,-2360.00
1798,-2360.00
1799,-2380.00
1800,-2380.00
1801,-2360.00
1802,-2360.00
1803,-2360.00
1804,-2360.00
1805,-2360.00
1806,-2380.00
1807,-2360.00
1808,-2360.00
1809,-2360.00
1810,-2360.00
1811,-2320.00
1812,-2360.00
1813,-2360.00
1814,-2360.00
1815,-2360.00
1816,-2360.00
1817,-2360.00
1818,-2360.00
1819,-2360.00
1820,-2360.00
1821,-2360.00
1822,-2360.00
1823,-2360.00
1824,-2360.00
1825,-2380.00
1826,-2360.00
1827,-2360.00
1828,-2360.00
1829,-2380.00
1830,-2360.00
1831,-2360.00
1832,-2360.00
1833,-2340.00
1834,-2360.00
1835,-2360.00
1836,-2360.00
1837,-2360.00
1838,-2360.00
1839,-2360.00
1840,-2380.00
1841,-2360.00
1842,-2360.00
1843,-2360.00
1844,-2360.00
1845,-2360.00
1846,-2340.00
1847,-2380.00
1848,-2360.00
1849,-2360.00
1850,-2360.00
1851,-2360.00
1852,-2360.00
1853,-2360.00
1854,-2360.00
1855,-2340.00
1856,-2360.00
1857,-2380.00
1858,-2360.00
1859,-2360.00
1860,-2360.00
1861,-2360.00
1862,-2360.00
1863,-2360.00
1864,-2360.00
1865,-2360.00
1866,-2360.00
1867,-2340.00
1868,-2360.00
1869,-2360.00
1870,-2360.00
1871,-2360.00
1872,-2360.00
1873,-2360.00
1874,-2360.00
1875,-2360.00
1876,-2360.00
1877,-2360.00
1878,-2360.00
1879,-2360.00
1880,-2380.00
1881,-2360.00
1882,-2360.00
1883,-2360.00
1884,-2360.00
1885,-2360.00
1886,-2340.00
1887,-2360.00
1888,-2380.00
1889,-2360.00
1890,-2360.00
1891,-2380.00
1892,-2360.00
1893,-2380.00
1894,-2360.00
1895,-2360.00
1896,-2360.00
1897,-2360.00
1898,-2360.00
1899,-2360.00
1900,-2380.00
1901,-2360.00
1902,-2360.00
1903,-2360.00
1904,-2360.00
1905,-2360.00
1906,-2360.00
1907,-2340.00
1908,-2360.00
1909,-2360.00
1910,-2360.00
1911,-2360.00
1912,-2360.00
1913,-2360.00
1914,-2360.00
1915,-2360.00
1916,-2360.00
1917,-2360.00
1918,-2360.00
1919,-2360.00
1920,-2360.00
1921,-2360.00
1922,-2340.00
1923,-2360.00
1924,-2360.00
1925,-2360.00
1926,-2360.00
1927,-2360.00
1928,-2360.00
1929,-2380.00
1930,-2360.00
1931,-2360.00
1932,-2380.00
1933,-2360.00
1934,-2360.00
1935,-2360.00
1936,-2360.00
1937,-2360.00
1938,-2360.00
1939,-2360.00
1940,-2360.00
1941,-2360.00
1942,-2360.00
1943,-2380.00
1944,-2360.00
1945,-2380.00
1946,-2360.00
1947,-2360.00
1948,-2360.00
1949,-2360.00
1950,-2360.00
1951,-2360.00
1952,-2360.00
1953,-2380.00
1954,-2360.00
1955,-2360.00
1956,-2360.00
1957,-2360.00
1958,-2360.00
1959,-2360.00
1960,-2360.00
1961,-2360.00
1962,-2380.00
1963,-2360.00
1964,-2360.00
1965,-2360.00
1966,-2360.00
1967,-2360.00
1968,-2360.00
1969,-2360.00
1970,-2360.00
1971,-2360.00
1972,-2380.00
1973,-2360.00
1974,-2380.00
1975,-2360.00
1976,-2360.00
1977,-2360.00
1978,-2360.00
1979,-2360.00
1980,-2360.00
1981,-2360.00
1982,-2360.00
1983,-2360.00
1984,-2380.00
1985,-2380.00
1986,-2360.00
1987,-2360.00
1988,-2360.00
1989,-2360.00
1990,-2360.00
1991,-2360.00
1992,-2360.00
1993,-2360.00
1994,-2360.00
1995,-2360.00
1996,-2360.00
1997,-2360.00
1998,-2360.00
1999,-2360.00
2000,-2360.00
2001,-2360.00
2002,-2360.00
2003,-2360.00
2004,-2380.00
2005,-2340.00
2006,-2360.00
2007,-2360.00
2008,-2360.00
2009,-2360.00
2010,-2360.00
2011,-2360.00
2012,-2360.00
2013,-2380.00
2014,-2360.00
2015,-2360.00
2016,-2360.00
2017,-2380.00
2018,-2360.00
2019,-2380.00
2020,-2380.00
2021,-2380.00
2022,-2360.00
2023,-2360.00
2024,-2360.00
2025,-2360.00
2026,-2360.00
2027,-2360.00
2028,-2360.00
2029,-2360.00
2030,-2360.00
2031,-2360.00
2032,-2380.00
2033,-2360.00
2034,-2380.00
2035,-2360.00
2036,-2380.00
2037,-2360.00
2038,-2360.00
2039,-2360.00
2040,-2380.00
2041,-2360.00
2042,-2360.00
2043,-2360.00
2044,-2360.00
2045,-2360.00
2046,-2360.00
2047,-2360.00
2048,-2360.00
2049,-2360.00
2050,-2360.00
2051,-2380.00
2052,-2360.00
2053,-2360.00
2054,-2360.00
2055,-2360.00
2056,-2360.00
2057,-2360.00
2058,-2360.00
2059,-2360.00
2060,-2360.00
2061,-2380.00
2062,-2380.00
2063,-2360.00
2064,-2380.00
2065,-2360.00
2066,-2380.00
2067,-2360.00
2068,-2360.00
2069,-2360.00
2070,-2360.00
2071,-2340.00
2072,-2360.00
2073,-2360.00
2074,-2360.00
2075,-2360.00
2076,-2380.00
2077,-2380.00
2078,-2360.00
2079,-2360.00
2080,-2360.00
2081,-2380.00
2082,-2360.00
2083,-2380.00
2084,-2360.00
2085,-2360.00
2086,-2360.00
2087,-2380.00
2088,-2360.00
2089,-2360.00
2090,-2360.00
2091,-2360.00
2092,-2360.00
2093,-2360.00
2094,-2380.00
2095,-2380.00
2096,-2360.00
2097,-2360.00
2098,-2380.00
2099,-2360.00
2100,-2380.00
2101,-2360.00
2102,-2380.00
2103,-2360.00
2104,-2360.00
2105,-2360.00
2106,-2380.00
2107,-2380.00
2108,-2380.00
2109,-2360.00
2110,-2360.00
2111,-2360.00
2112,-2360.00
2113,-2340.00
2114,-2360.00
2115,-2360.00
2116,-2360.00
2117,-2360.00
2118,-2360.00
2119,-2360.00
2120,-2360.00
2121,-2380.00
2122,-2360.00
2123,-2360.00
2124,-2360.00
2125,-2360.00
2126,-2360.00
2127,-2360.00
2128,-2360.00
2129,-2380.00
2130,-2360.00
2131,-2360.00
2132,-2360.00
2133,-2360.00
2134,-2380.00
2135,-2380.00
2136,-2380.00
2137,-2360.00
2138,-2380.00
2139,-2360.00
2140,-2360.00
2141,-2360.00
2142,-2360.00
2143,-2380.00
2144,-2360.00
2145,-2360.00
2146,-2360.00
2147,-2360.00
2148,-2360.00
2149,-2380.00
2150,-2380.00
2151,-2360.00
2152,-2360.00
2153,-2360.00
2154,-2360.00
2155,-2360.00
2156,-2360.00
2157,-2380.00
2158,-2360.00
2159,-2360.00
2160,-2360.00
2161,-2360.00
2162,-2360.00
2163,-2360.00
2164,-2360.00
2165,-2360.00
2166,-2360.00
2167,-2360.00
2168,-2360.00
2169,-2360.00
2170,-2380.00
2171,-2340.00
2172,-2380.00
2173,-2360.00
2174,-2360.00
2175,-2360.00
2176,-2360.00
2177,-2360.00
2178,-2360.00
2179,-2360.00
2180,-2360.00
2181,-2380.00
2182,-2380.00
2183,-2380.00
2184,-2360.00
2185,-2360.00
2186,-2360.00
2187,-2380.00
2188,-2380.00
2189,-2380.00
2190,-2360.00
2191,-2360.00
2192,-2360.00
2193,-2360.00
2194,-2360.00
2195,-2380.00
2196,-2360.00
2197,-2360.00
2198,-2360.00
2199,-2380.00
2200,-2360.00
2201,-2360.00
2202,-2360.00
2203,-2380.00
2204,-2380.00
2205,-2360.00
2206,-2360.00
2207,-2360.00
2208,-2380.00
2209,-2360.00
2210,-2360.00
2211,-2380.00
2212,-2360.00
2213,-2360.00
2214,-2360.00
2215,-2360.00
2216,-2400.00
2217,-2380.00
2218,-2360.00
2219,-2360.00
2220,-2360.00
2221,-2360.00
2222,-2360.00
2223,-2360.00
2224,-2360.00
2225,-2360.00
2226,-2360.00
2227,-2360.00
2228,-2360.00
2229,-2360.00
2230,-2360.00
2231,-2360.00
2232,-2380.00
2233,-2360.00
2234,-2360.00
2235,-2360.00
2236,-2360.00
2237,-2360.00
2238,-2360.00
2239,-2360.00
2240,-2360.00
2241,-2380.00
2242,-2360.00
2243,-2380.00
2244,-2380.00
2245,-2360.00
2246,-2360.00
2247,-2360.00
2248,-2360.00
2249,-2360.00
2250,-2360.00
2251,-2360.00
2252,-2360.00
2253,-2380.00
2254,-2360.00
2255,-2380.00
2256,-2360.00
2257,-2360.00
2258,-2360.00
2259,-2360.00
2260,-2380.00
2261,-2380.00
2262,-2360.00
2263,-2360.00
2264,-2360.00
2265,-2380.00
2266,-2360.00
2267,-2360.00
2268,-2360.00
2269,-2360.00
2270,-2380.00
2271,-2360.00
2272,-2380.00
2273,-2360.00
2274,-2360.00
2275,-2360.00
2276,-2360.00
2277,-2360.00
2278,-2360.00
2279,-2360.00
2280,-2360.00
2281,-2380.00
2282,-2360.00
2283,-2380.00
2284,-2360.00
2285,-2380.00
2286,-2380.00
2287,-2360.00
2288,-2380.00
2289,-2400.00
2290,-2360.00
2291,-2360.00
2292,-2360.00
2293,-2360.00
2294,-2360.00
2295,-2380.00
2296,-2360.00
2297,-2380.00
2298,-2380.00
2299,-2360.00
2300,-2360.00
2301,-2380.00
2302,-2360.00
2303,-2360.00
2304,-2380.00
2305,-2360.00
2306,-2360.00
2307,-2380.00
2308,-2360.00
2309,-2360.00
2310,-2380.00
2311,-2360.00
2312,-2360.00
2313,-2360.00
2314,-2360.00
2315,-2380.00
2316,-2360.00
2317,-2360.00
2318,-2380.00
2319,-2360.00
2320,-2380.00
2321,-2360.00
2322,-2360.00
2323,-2360.00
2324,-2360.00
2325,-2360.00
2326,-2360.00
2327,-2380.00
2328,-2360.00
2329,-2340.00
2330,-2360.00
2331,-2360.00
2332,-2360.00
2333,-2360.00
2334,-2360.00
2335,-2360.00
2336,-2360.00
2337,-2380.00
2338,-2380.00
2339,-2360.00
2340,-2360.00
2341,-2360.00
2342,-2360.00
2343,-2360.00
2344,-2360.00
2345,-2360.00
2346,-2360.00
2347,-2360.00
2348,-2360.00
2349,-2360.00
2350,-2360.00
2351,-2380.00
2352,-2360.00
2353,-2360.00
2354,-2360.00
2355,-2360.00
2356,-2360.00
2357,-2360.00
2358,-2360.00
2359,-2380.00
2360,-2360.00
2361,-2340.00
2362,-2360.00
2363,-2360.00
2364,-2380.00
2365,-2360.00
2366,-2380.00
2367,-2360.00
2368,-2360.00
2369,-2360.00
2370,-2380.00
2371,-2360.00
2372,-2360.00
2373,-2360.00
2374,-2360.00
2375,-2360.00
2376,-2360.00
2377,-2380.00
2378,-2360.00
2379,-2360.00
2380,-2360.00
2381,-2380.00
2382,-2360.00
2383,-2380.00
2384,-2360.00
2385,-2360.00
2386,-2360.00
2387,-2360.00
2388,-2360.00
2389,-2360.00
2390,-2380.00
2391,-2360.00
2392,-2380.00
2393,-2360.00
2394,-2360.00
2395,-2360.00
2396,-2360.00
2397,-2360.00
2398,-2360.00
2399,-2340.00
2400,-2360.00
2401,-2360.00
2402,-2360.00
2403,-2360.00
2404,-2360.00
2405,-2360.00
2406,-2360.00
2407,-2360.00
2408,-2380.00
2409,-2360.00
2410,-2380.00
2411,-2380.00
2412,-2360.00
2413,-2360.00
2414,-2360.00
2415,-2380.00
2416,-2360.00
2417,-2380.00
2418,-2360.00
2419,-2380.00
2420,-2360.00
2421,-2360.00
2422,-2360.00
2423,-2360.00
2424,-2360.00
2425,-2360.00
2426,-2360.00
2427,-2360.00
2428,-2380.00
2429,-2400.00
2430,-2360.00
2431,-2360.00
2432,-2380.00
2433,-2360.00
2434,-2360.00
2435,-2360.00
2436,-2360.00
2437,-2380.00
2438,-2380.00
2439,-2360.00
2440,-2380.00
2441,-2360.00
2442,-2360.00
2443,-2360.00
2444,-2360.00
2445,-2360.00
2446,-2380.00
2447,-2380.00
2448,-2360.00
2449,-2360.00
2450,-2380.00
2451,-2380.00
2452,-2360.00
2453,-2380.00
2454,-2360.00
2455,-2380.00
2456,-2360.00
2457,-2360.00
2458,-2360.00
2459,-2360.00
2460,-2380.00
2461,-2360.00
2462,-2380.00
2463,-2380.00
2464,-2380.00
2465,-2360.00
2466,-2360.00
2467,-2360.00
2468,-2360.00
2469,-2360.00
2470,-2380.00
2471,-2360.00
2472,-2380.00
2473,-2360.00
2474,-2360.00
2475,-2360.00
2476,-2360.00
2477,-2360.00
2478,-2360.00
2479,-2380.00
2480,-2360.00
2481,-2360.00
2482,-2360.00
2483,-2360.00
2484,-2360.00
2485,-2360.00
2486,-2360.00
2487,-2360.00
2488,-2360.00
2489,-2360.00
2490,-2380.00
2491,-2360.00
2492,-2360.00
2493,-2360.00
2494,-2360.00
2495,-2360.00
2496,-2360.00
2497,-2380.00
2498,-2360.00
2499,-2360.00
2500,-2360.00
2501,-2360.00
2502,-2360.00
2503,-2360.00
2504,-2260.00
2505,980.00
2506,2260.00
2507,2260.00
2508,2280.00
2509,2260.00
2510,2280.00
2511,2280.00
2512,2280.00
2513,2280.00
2514,2280.00
2515,2280.00
2516,2280.00
2517,2280.00
2518,2280.00
2519,2280.00
2520,2300.00
2521,2280.00
2522,2280.00
2523,2300.00
2524,2280.00
2525,2280.00
2526,2280.00
2527,2280.00
2528,2280.00
2529,2300.00
2530,2280.00
2531,2300.00
2532,2280.00
2533,2300.00
2534,2280.00
2535,2280.00
2536,2280.00
2537,2300.00
2538,2300.00
2539,2300.00
2540,2280.00
2541,2300.00
2542,2320.00
2543,2280.00
2544,2300.00
2545,2280.00
2546,2280.00
2547,2300.00
2548,2280.00
2549,2260.00
2550,2320.00
2551,2300.00
2552,2300.00
2553,2300.00
2554,2300.00
2555,2300.00
2556,2300.00
2557,2280.00
2558,2300.00
2559,2300.00
2560,2300.00
2561,2320.00
2562,2300.00
2563,2300.00
2564,2300.00
2565,2280.00
2566,2300.00
2567,2320.00
2568,2300.00
2569,2300.00
2570,2300.00
2571,2320.00
2572,2300.00
2573,2320.00
2574,2300.00
2575,2300.00
2576,2300.00
2577,2280.00
2578,2320.00
2579,2320.00
2580,2320.00
2581,2300.00
2582,2320.00
2583,2300.00
2584,2320.00
2585,2300.00
2586,2320.00
2587,2280.00
2588,2320.00
2589,2320.00
2590,2320.00
2591,2320.00
2592,2300.00
2593,2320.00
2594,2320.00
2595,2320.00
2596,2300.00
2597,2320.00
2598,2300.00
2599,2320.00
2600,2320.00
2601,2300.00
2602,2300.00
2603,2320.00
2604,2320.00
2605,2320.00
2606,2300.00
2607,2320.00
2608,2320.00
2609,2320.00
2610,2320.00
2611,2320.00
2612,2300.00
2613,2320.00
2614,2300.00
2615,2320.00
2616,2320.00
2617,2320.00
2618,2320.00
2619,2300.00
2620,2320.00
2621,2300.00
2622,2300.00
2623,2320.00
2624,2320.00
2625,2340.00
2626,2300.00
2627,2300.00
2628,2320.00
2629,2320.00
2630,2300.00
2631,2320.00
2632,2300.00
2633,2320.00
2634,2320.00
2635,2320.00
2636,2320.00
2637,2320.00
2638,2320.00
2639,2320.00
2640,2320.00
2641,2320.00
2642,2300.00
2643,2320.00
2644,2320.00
2645,2320.00
2646,2320.00
2647,2320.00
2648,2320.00
2649,2320.00
2650,2320.00
2651,2300.00
2652,2320.00
2653,2320.00
2654,2320.00
2655,2340.00
2656,2320.00
2657,2320.00
2658,2320.00
2659,2320.00
2660,2320.00
2661,2320.00
2662,2300.00
2663,2340.00
2664,2320.00
2665,2320.00
2666,2320.00
2667,2340.00
2668,2320.00
2669,2320.00
2670,2320.00
2671,2320.00
2672,2320.00
2673,2320.00
2674,2340.00
2675,2340.00
2676,2320.00
2677,2320.00
2678,2320.00
2679,2320.00
2680,2320.00
2681,2320.00
2682,2320.00
2683,2320.00
2684,2320.00
2685,2320.00
2686,2340.00
2687,2320.00
2688,2320.00
2689,2320.00
2690,2320.00
2691,2320.00
2692,2320.00
2693,2320.00
2694,2320.00
2695,2340.00
2696,2320.00
2697,2320.00
2698,2320.00
2699,2320.00
2700,2320.00
2701,2340.00
2702,2320.00
2703,2340.00
2704,2320.00
2705,2320.00
2706,2320.00
2707,2320.00
2708,2320.00
2709,2340.00
2710,2320.00
2711,2320.00
2712,2320.00
2713,2320.00
2714,2340.00
2715,2320.00
2716,2320.00
2717,2320.00
2718,2320.00
2719,2320.00
2720,2320.00
2721,2320.00
2722,2340.00
2723,2320.00
2724,2320.00
2725,2340.00
2726,2320.00
2727,2320.00
2728,2320.00
2729,2340.00
2730,2340.00
2731,2340.00
2732,2320.00
2733,2320.00
2734,2320.00
2735,2320.00
2736,2320.00
2737,2340.00
2738,2340.00
2739,2320.00
2740,2320.00
2741,2320.00
2742,2340.00
2743,2320.00
2744,2320.00
2745,2320.00
2746,2320.00
2747,2320.00
2748,2340.00
2749,2320.00
2750,2320.00
2751,2320.00
2752,2340.00
2753,2340.00
2754,2320.00
2755,2320.00
2756,2340.00
2757,2320.00
2758,2320.00
2759,2340.00
2760,2320.00
2761,2340.00
2762,2360.00
2763,2320.00
2764,2340.00
2765,2320.00
2766,2320.00
2767,2340.00
2768,2340.00
2769,2320.00
2770,2340.00
2771,2340.00
2772,2340.00
2773,2320.00
2774,2320.00
2775,2320.00
2776,2320.00
2777,2320.00
2778,2320.00
2779,2320.00
2780,2340.00
2781,2340.00
2782,2340.00
2783,2340.00
2784,2340.00
2785,2340.00
2786,2340.00
2787,2340.00
2788,2320.00
2789,2340.00
2790,2340.00
2791,2340.00
2792,2340.00
2793,2360.00
2794,2340.00
2795,2320.00
2796,2320.00
2797,2340.00
2798,2340.00
2799,2340.00
2800,2340.00
2801,2340.00
2802,2340.00
2803,2340.00
2804,2360.00
2805,2340.00
2806,2340.00
2807,2320.00
2808,2340.00
2809,2340.00
2810,2340.00
2811,2340.00
2812,2340.00
2813,2320.00
2814,2340.00
2815,2320.00
2816,2340.00
2817,2340.00
2818,2340.00
2819,2340.00
2820,2340.00
2821,2320.00
2822,2340.00
2823,2340.00
2824,2340.00
2825,2340.00
2826,2340.00
2827,2340.00
2828,2340.00
2829,2340.00
2830,2340.00
2831,2340.00
2832,2340.00
2833,2340.00
2834,2340.00
2835,2340.00
2836,2320.00
2837,2340.00
2838,2340.00
2839,2340.00
2840,2340.00
2841,2340.00
2842,2340.00
2843,2340.00
2844,2340.00
2845,2340.00
2846,2340.00
2847,2340.00
2848,2340.00
2849,2320.00
2850,2340.00
2851,2320.00
2852,2340.00
2853,2340.00
2854,2340.00
2855,2320.00
2856,2340.00
2857,2340.00
2858,2340.00
2859,2340.00
2860,2340.00
2861,2340.00
2862,2340.00
2863,2340.00
2864,2340.00
2865,2340.00
2866,2340.00
2867,2340.00
2868,2340.00
2869,2340.00
2870,2340.00
2871,2340.00
2872,2360.00
2873,2340.00
2874,2340.00
2875,2340.00
2876,2340.00
2877,2340.00
2878,2340.00
2879,2320.00
2880,2360.00
2881,2380.00
2882,2340.00
2883,2340.00
2884,2340.00
2885,2340.00
2886,2360.00
2887,2340.00
2888,2340.00
2889,2360.00
2890,2340.00
2891,2340.00
2892,2340.00
2893,2340.00
2894,2340.00
2895,2340.00
2896,2340.00
2897,2340.00
2898,2340.00
2899,2340.00
2900,2340.00
2901,2340.00
2902,2340.00
2903,2340.00
2904,2340.00
2905,2320.00
2906,2360.00
2907,2340.00
2908,2340.00
2909,2340.00
2910,2360.00
2911,2360.00
2912,2360.00
2913,2340.00
2914,2360.00
2915,2340.00
2916,2360.00
2917,2340.00
2918,2340.00
2919,2320.00
2920,2360.00
2921,2360.00
2922,2340.00
2923,2340.00
2924,2340.00
2925,2340.00
2926,2360.00
2927,2360.00
2928,2340.00
2929,2360.00
2930,2340.00
2931,2360.00
2932,2340.00
2933,2360.00
2934,2340.00
2935,2340.00
2936,2340.00
2937,2340.00
2938,2340.00
2939,2360.00
2940,2340.00
2941,2360.00
2942,2340.00
2943,2340.00
2944,2360.00
2945,2340.00
2946,2340.00
2947,2340.00
2948,2360.00
2949,2340.00
2950,2340.00
2951,2360.00
2952,2360.00
2953,2340.00
2954,2340.00
2955,2360.00
2956,2340.00
2957,2340.00
2958,2360.00
2959,2340.00
2960,2340.00
2961,2360.00
2962,2340.00
2963,2340.00
2964,2340.00
2965,2360.00
2966,2340.00
2967,2360.00
2968,2360.00
2969,2360.00
2970,2360.00
2971,2360.00
2972,2360.00
2973,2340.00
2974,2360.00
2975,2340.00
2976,2340.00
2977,2340.00
2978,2360.00
2979,2340.00
2980,2340.00
2981,2340.00
2982,2360.00
2983,2360.00
2984,2340.00
2985,2340.00
2986,2340.00
2987,2340.00
2988,2340.00
2989,2360.00
2990,2360.00
2991,2340.00
2992,2340.00
2993,2340.00
2994,2340.00
2995,2360.00
2996,2340.00
2997,2340.00
2998,2360.00
2999,2360.00
3000,2360.00
3001,2360.00
3002,2340.00
3003,2360.00
3004,2360.00
3005,2360.00
3006,2340.00
3007,2340.00
3008,2360.00
3009,2340.00
3010,2360.00
3011,2340.00
3012,2360.00
3013,2340.00
3014,2360.00
3015,2360.00
3016,2360.00
3017,2340.00
3018,2360.00
3019,2360.00
3020,2360.00
3021,2340.00
3022,2340.00
3023,2340.00
3024,2340.00
3025,2340.00
3026,2340.00
3027,2360.00
3028,2360.00
3029,2360.00
3030,2360.00
3031,2360.00
3032,2300.00
3033,2360.00
3034,2360.00
3035,2360.00
3036,2360.00
3037,2340.00
3038,2340.00
3039,2340.00
3040,2360.00
3041,2340.00
3042,2360.00
3043,2360.00
3044,2360.00
3045,2360.00
3046,2360.00
3047,2340.00
3048,2360.00
3049,2360.00
3050,2360.00
3051,2340.00
3052,2360.00
3053,2340.00
3054,2340.00
3055,2360.00
3056,2340.00
3057,2340.00
3058,2340.00
3059,2360.00
3060,2340.00
3061,2360.00
3062,2360.00
3063,2360.00
3064,2340.00
3065,2360.00
3066,2340.00
3067,2360.00
3068,2340.00
3069,2360.00
3070,2360.00
3071,2340.00
3072,2360.00
3073,2340.00
3074,2360.00
3075,2360.00
3076,2340.00
3077,2360.00
3078,2360.00
3079,2340.00
3080,2360.00
3081,2360.00
3082,2360.00
3083,2360.00
3084,2360.00
3085,2360.00
3086,2360.00
3087,2340.00
3088,2360.00
3089,2340.00
3090,2360.00
3091,2360.00
3092,2340.00
3093,2360.00
3094,2360.00
3095,2360.00
3096,2340.00
3097,2360.00
3098,2360.00
3099,2360.00
3100,2360.00
3101,2340.00
3102,2340.00
3103,2360.00
3104,2360.00
3105,2340.00
3106,2340.00
3107,2360.00
3108,2340.00
3109,2340.00
3110,2360.00
3111,2360.00
3112,2360.00
3113,2360.00
3114,2360.00
3115,2360.00
3116,2380.00
3117,2360.00
3118,2360.00
3119,2340.00
3120,2340.00
3121,2360.00
3122,2360.00
3123,2340.00
3124,2340.00
3125,2340.00
3126,2340.00
3127,2360.00
3128,2340.00
3129,2360.00
3130,2360.00
3131,2360.00
3132,2360.00
3133,2340.00
3134,2360.00
3135,2360.00
3136,2360.00
3137,2360.00
3138,2360.00
3139,2360.00
3140,2360.00
3141,2360.00
3142,2360.00
3143,2360.00
3144,2340.00
3145,2340.00
3146,2360.00
3147,2340.00
3148,2360.00
3149,2340.00
3150,2360.00
3151,2360.00
3152,2340.00
3153,2340.00
3154,2340.00
3155,2360.00
3156,2360.00
3157,2340.00
3158,2340.00
3159,2360.00
3160,2340.00
3161,2360.00
3162,2360.00
3163,2360.00
3164,2360.00
3165,2360.00
3166,2360.00
3167,2340.00
3168,2360.00
3169,2360.00
3170,2360.00
3171,2340.00
3172,2360.00
3173,2360.00
3174,2360.00
3175,2360.00
3176,2360.00
3177,2360.00
3178,2360.00
3179,2340.00
3180,2360.00
3181,2360.00
3182,2360.00
3183,2360.00
3184,2360.00
3185,2360.00
3186,2340.00
3187,2340.00
3188,2360.00
3189,2360.00
3190,2360.00
3191,2380.00
3192,2360.00
3193,2360.00
3194,2340.00
3195,2360.00
3196,2360.00
3197,2360.00
3198,2360.00
3199,2360.00
3200,2360.00
3201,2360.00
3202,2360.00
3203,2360.00
3204,2360.00
3205,2360.00
3206,2360.00
3207,2360.00
3208,2360.00
3209,2360.00
3210,2360.00
3211,2360.00
3212,2360.00
3213,2360.00
3214,2360.00
3215,2340.00
3216,2360.00
3217,2360.00
3218,2340.00
3219,2360.00
3220,2360.00
3221,2360.00
3222,2360.00
3223,2340.00
3224,2360.00
3225,2360.00
3226,2340.00
3227,2360.00
3228,2360.00
3229,2380.00
3230,2360.00
3231,2360.00
3232,2360.00
3233,2360.00
3234,2360.00
3235,2340.00
3236,2360.00
3237,2340.00
3238,2360.00
3239,2360.00
3240,2360.00
3241,2360.00
3242,2360.00
3243,2360.00
3244,2360.00
3245,2360.00
3246,2360.00
3247,2360.00
3248,2360.00
3249,2360.00
3250,2360.00
3251,2360.00
3252,2360.00
3253,2360.00
3254,2360.00
3255,2360.00
3256,2360.00
3257,2360.00
3258,2360.00
3259,2360.00
3260,2360.00
3261,2360.00
3262,2360.00
3263,2360.00
3264,2380.00
3265,2360.00
3266,2380.00
3267,2360.00
3268,2360.00
3269,2360.00
3270,2360.00
3271,2360.00
3272,2380.00
3273,2340.00
3274,2360.00
3275,2360.00
3276,2340.00
3277,2340.00
3278,2360.00
3279,2360.00
3280,2360.00
3281,2360.00
3282,2340.00
3283,2360.00
3284,2360.00
3285,2360.00
3286,2360.00
3287,2360.00
3288,2340.00
3289,2360.00
3290,2360.00
3291,2360.00
3292,2360.00
3293,2360.00
3294,2360.00
3295,2360.00
3296,2360.00
3297,2360.00
3298,2360.00
3299,2360.00
3300,2360.00
3301,2360.00
3302,2360.00
3303,2360.00
3304,2360.00
3305,2340.00
3306,2360.00
3307,2360.00
3308,2360.00
3309,2360.00
3310,2360.00
3311,2360.00
3312,2360.00
3313,2360.00
3314,2360.00
3315,2360.00
3316,2360.00
3317,2360.00
3318,2360.00
3319,2360.00
3320,2360.00
3321,2360.00
3322,2360.00
3323,2380.00
3324,2360.00
3325,2360.00
3326,2360.00
3327,2360.00
3328,2360.00
3329,2360.00
3330,2360.00
3331,2360.00
3332,2360.00
3333,2380.00
3334,2360.00
3335,2360.00
3336,2360.00
3337,2360.00
3338,2360.00
3339,2360.00
3340,2360.00
3341,2360.00
3342,2360.00
3343,2340.00
3344,2360.00
3345,2360.00
3346,2360.00
3347,2360.00
3348,2380.00
3349,2360.00
3350,2360.00
3351,2360.00
3352,2340.00
3353,2360.00
3354,2360.00
3355,2360.00
3356,2340.00
3357,2360.00
3358,2360.00
3359,2360.00
3360,2360.00
3361,2380.00
3362,2360.00
3363,2360.00
3364,2360.00
3365,2340.00
3366,2360.00
3367,2360.00
3368,2360.00
3369,2360.00
3370,2380.00
3371,2340.00
3372,2360.00
3373,2360.00
3374,2360.00
3375,2360.00
3376,2360.00
3377,2380.00
3378,2380.00
3379,2360.00
3380,2360.00
3381,2360.00
3382,2360.00
3383,2360.00
3384,2360.00
3385,2360.00
3386,2360.00
3387,2360.00
3388,2360.00
3389,2360.00
3390,2360.00
3391,2360.00
3392,2340.00
3393,2360.00
3394,2360.00
3395,2360.00
3396,2360.00
3397,2360.00
3398,2380.00
3399,2360.00
3400,2360.00
3401,2360.00
3402,2360.00
3403,2360.00
3404,2360.00
3405,2360.00
3406,2360.00
3407,2360.00
3408,2360.00
3409,2360.00
3410,2360.00
3411,2340.00
3412,2360.00
3413,2360.00
3414,2360.00
3415,2380.00
3416,2360.00
3417,2360.00
3418,2360.00
3419,2360.00
3420,2360.00
3421,2360.00
3422,2360.00
3423,2380.00
3424,2360.00
3425,2360.00
3426,2360.00
3427,2360.00
3428,2360.00
3429,2360.00
3430,2360.00
3431,2360.00
3432,2360.00
3433,2360.00
3434,2360.00
3435,2340.00
3436,2360.00
3437,2360.00
3438,2360.00
3439,2360.00
3440,2360.00
3441,2360.00
3442,2360.00
3443,2360.00
3444,2380.00
3445,2360.00
3446,2360.00
3447,2360.00
3448,2360.00
3449,2360.00
3450,2360.00
3451,2360.00
3452,2340.00
3453,2360.00
3454,2360.00
3455,2360.00
3456,2360.00
3457,2360.00
3458,2360.00
3459,2360.00
3460,2360.00
3461,2360.00
3462,2360.00
3463,2360.00
3464,2380.00
3465,2360.00
3466,2360.00
3467,2360.00
3468,2360.00
3469,2360.00
3470,2360.00
3471,2360.00
3472,2380.00
3473,2360.00
3474,2360.00
3475,2380.00
3476,2360.00
3477,2360.00
3478,2360.00
3479,2360.00
3480,2360.00
3481,2360.00
3482,2400.00
3483,2360.00
3484,2360.00
3485,2360.00
3486,2380.00
3487,2360.00
3488,2360.00
3489,2360.00
3490,2360.00
3491,2380.00
3492,2360.00
3493,2360.00
3494,2360.00
3495,2380.00
3496,2360.00
3497,2360.00
3498,2360.00
3499,2340.00
3500,2360.00
3501,2360.00
3502,2360.00
3503,2360.00
3504,2360.00
3505,2360.00
3506,2360.00
3507,2360.00
3508,2360.00
3509,2360.00
3510,2380.00
3511,2360.00
3512,2360.00
3513,2360.00
3514,2360.00
3515,2360.00
3516,2360.00
3517,2360.00
3518,2360.00
3519,2360.00
3520,2360.00
3521,2380.00
3522,2360.00
3523,2360.00
3524,2360.00
3525,2360.00
3526,2360.00
3527,2340.00
3528,2360.00
3529,2380.00
3530,2360.00
3531,2360.00
3532,2360.00
3533,2360.00
3534,2360.00
3535,2380.00
3536,2380.00
3537,2360.00
3538,2380.00
3539,2360.00
3540,2360.00
3541,2360.00
3542,2380.00
3543,2360.00
3544,2360.00
3545,2360.00
3546,2360.00
3547,2360.00
3548,2360.00
3549,2380.00
3550,2360.00
3551,2360.00
3552,2360.00
3553,2380.00
3554,2360.00
3555,2360.00
3556,2360.00
3557,2360.00
3558,2360.00
3559,2360.00
3560,2360.00
3561,2360.00
3562,2360.00
3563,2360.00
3564,2400.00
3565,2340.00
3566,2360.00
3567,2360.00
3568,2360.00
3569,2360.00
3570,2360.00
3571,2360.00
3572,2380.00
3573,2360.00
3574,2380.00
3575,2360.00
3576,2360.00
3577,2360.00
3578,2360.00
3579,2380.00
3580,2360.00
3581,2360.00
3582,2380.00
3583,2360.00
3584,2360.00
3585,2360.00
3586,2360.00
3587,2380.00
3588,2360.00
3589,2360.00
3590,2360.00
3591,2360.00
3592,2360.00
3593,2360.00
3594,2380.00
3595,2360.00
3596,2360.00
3597,2360.00
3598,2360.00
3599,2360.00
3600,2360.00
3601,2360.00
3602,2380.00
3603,2360.00
3604,2360.00
3605,2360.00
3606,2360.00
3607,2360.00
3608,2360.00
3609,2360.00
3610,2360.00
3611,2360.00
3612,2380.00
3613,2360.00
3614,2380.00
3615,2360.00
3616,2360.00
3617,2360.00
3618,2360.00
3619,2360.00
3620,2340.00
3621,2380.00
3622,2360.00
3623,2380.00
3624,2380.00
3625,2360.00
3626,2360.00
3627,2360.00
3628,2360.00
3629,2360.00
3630,2360.00
3631,2360.00
3632,2380.00
3633,2360.00
3634,2380.00
3635,2360.00
3636,2380.00
3637,2360.00
3638,2360.00
3639,2400.00
3640,2360.00
3641,2360.00
3642,2360.00
3643,2360.00
3644,2380.00
3645,2360.00
3646,2360.00
3647,2360.00
3648,2360.00
3649,2360.00
3650,2360.00
3651,2380.00
3652,2360.00
3653,2380.00
3654,2360.00
3655,2360.00
3656,2360.00
3657,2360.00
3658,2360.00
3659,2360.00
3660,2360.00
3661,2380.00
3662,2380.00
3663,2360.00
3664,2360.00
3665,2360.00
3666,2360.00
3667,2360.00
3668,2380.00
3669,2400.00
3670,2360.00
3671,2360.00
3672,2360.00
3673,2360.00
3674,2360.00
3675,2360.00
3676,2400.00
3677,2360.00
3678,2360.00
3679,2360.00
3680,2360.00
3681,2380.00
3682,2360.00
3683,2360.00
3684,2360.00
3685,2360.00
3686,2360.00
3687,2360.00
3688,2360.00
3689,2360.00
3690,2360.00
3691,2360.00
3692,2360.00
3693,2380.00
3694,2360.00
3695,2360.00
3696,2360.00
3697,2360.00
3698,2380.00
3699,2360.00
3700,2360.00
3701,2360.00
3702,2360.00
3703,2360.00
3704,2360.00
3705,2360.00
3706,2360.00
3707,2360.00
3708,2380.00
3709,2360.00
3710,2380.00
3711,2360.00
3712,2360.00
3713,2360.00
3714,2340.00
3715,2360.00
3716,2340.00
3717,2360.00
3718,2360.00
3719,2360.00
3720,2360.00
3721,2380.00
3722,2360.00
3723,2360.00
3724,2360.00
3725,2380.00
3726,2360.00
3727,2360.00
3728,2360.00
3729,2360.00
3730,2360.00
3731,2360.00
3732,2360.00
3733,2360.00
3734,2360.00
3735,2340.00
3736,2360.00
3737,2360.00
3738,2360.00
3739,2360.00
3740,2380.00
3741,2360.00
3742,2380.00
3743,2380.00
3744,2360.00
3745,2360.00
3746,2360.00
3747,2360.00
3748,2360.00
3749,2360.00
3750,2360.00
3751,2340.00
3752,2360.00
3753,-2200.00
3754,-2280.00
3755,-2300.00
3756,-2300.00
3757,-2300.00
3758,-2320.00
3759,-2320.00
3760,-2320.00
3761,-2320.00
3762,-2320.00
3763,-2320.00
3764,-2320.00
3765,-2340.00
3766,-2320.00
3767,-2320.00
3768,-2320.00
3769,-2340.00
3770,-2320.00
3771,-2340.00
3772,-2320.00
3773,-2320.00
3774,-2320.00
3775,-2320.00
3776,-2340.00
3777,-2320.00
3778,-2320.00
3779,-2340.00
3780,-2340.00
3781,-2340.00
3782,-2340.00
3783,-2320.00
3784,-2340.00
3785,-2320.00
3786,-2340.00
3787,-2320.00
3788,-2380.00
3789,-2340.00
3790,-2340.00
3791,-2320.00
3792,-2320.00
3793,-2340.00
3794,-2320.00
3795,-2340.00
3796,-2340.00
3797,-2320.00
3798,-2340.00
3799,-2340.00
3800,-2340.00
3801,-2320.00
3802,-2320.00
3803,-2320.00
3804,-2340.00
3805,-2340.00
3806,-2320.00
3807,-2360.00
3808,-2320.00
3809,-2340.00
3810,-2340.00
3811,-2320.00
3812,-2340.00
3813,-2340.00
3814,-2340.00
3815,-2340.00
3816,-2360.00
3817,-2340.00
3818,-2320.00
3819,-2320.00
3820,-2340.00
3821,-2340.00
3822,-2340.00
3823,-2320.00
3824,-2360.00
3825,-2360.00
3826,-2340.00
3827,-2340.00
3828,-2320.00
3829,-2340.00
3830,-2320.00
3831,-2340.00
3832,-2340.00
3833,-2340.00
3834,-2340.00
3835,-2340.00
3836,-2340.00
3837,-2340.00
3838,-2340.00
3839,-2340.00
3840,-2320.00
3841,-2340.00
3842,-2340.00
3843,-2340.00
3844,-2320.00
3845,-2340.00
3846,-2360.00
3847,-2340.00
3848,-2340.00
3849,-2340.00
3850,-2340.00
3851,-2340.00
3852,-2340.00
3853,-2320.00
3854,-2340.00
3855,-2320.00
3856,-2340.00
3857,-2340.00
3858,-2320.00
3859,-2320.00
3860,-2340.00
3861,-2340.00
3862,-2320.00
3863,-2320.00
3864,-2320.00
3865,-2360.00
3866,-2320.00
3867,-2360.00
3868,-2320.00
3869,-2340.00
3870,-2320.00
3871,-2340.00
3872,-2340.00
3873,-2340.00
3874,-2320.00
3875,-2340.00
3876,-2340.00
3877,-2340.00
3878,-2340.00
3879,-2340.00
3880,-2340.00
3881,-2320.00
3882,-2340.00
3883,-2340.00
3884,-2340.00
3885,-2340.00
3886,-2340.00
3887,-2320.00
3888,-2340.00
3889,-2340.00
3890,-2340.00
3891,-2340.00
3892,-2380.00
3893,-2340.00
3894,-2340.00
3895,-2340.00
3896,-2340.00
3897,-2340.00
3898,-2340.00
3899,-2340.00
3900,-2320.00
3901,-2360.00
3902,-2340.00
3903,-2340.00
3904,-2340.00
3905,-2340.00
3906,-2320.00
3907,-2340.00
3908,-2340.00
3909,-2320.00
3910,-2360.00
3911,-2340.00
3912,-2360.00
3913,-2340.00
3914,-2360.00
3915,-2340.00
3916,-2360.00
3917,-2340.00
3918,-2340.00
3919,-2340.00
3920,-2340.00
3921,-2340.00
3922,-2340.00
3923,-2340.00
3924,-2340.00
3925,-2340.00
3926,-2360.00
3927,-2340.00
3928,-2360.00
3929,-2340.00
3930,-2340.00
3931,-2320.00
3932,-2320.00
3933,-2340.00
3934,-2340.00
3935,-2340.00
3936,-2340.00
3937,-2360.00
3938,-2340.00
3939,-2360.00
3940,-2360.00
3941,-2320.00
3942,-2340.00
3943,-2340.00
3944,-2340.00
3945,-2360.00
3946,-2340.00
3947,-2340.00
3948,-2360.00
3949,-2360.00
3950,-2360.00
3951,-2360.00
3952,-2360.00
3953,-2340.00
3954,-2340.00
3955,-2340.00
3956,-2340.00
3957,-2340.00
3958,-2340.00
3959,-2340.00
3960,-2340.00
3961,-2340.00
3962,-2360.00
3963,-2360.00
3964,-2340.00
3965,-2340.00
3966,-2360.00
3967,-2360.00
3968,-2340.00
3969,-2340.00
3970,-2340.00
3971,-2360.00
3972,-2340.00
3973,-2360.00
3974,-2380.00
3975,-2360.00
3976,-2360.00
3977,-2340.00
3978,-2360.00
3979,-2340.00
3980,-2360.00
3981,-2340.00
3982,-2360.00
3983,-2360.00
3984,-2360.00
3985,-2340.00
3986,-2340.00
3987,-2360.00
3988,-2360.00
3989,-2360.00
3990,-2360.00
3991,-2340.00
3992,-2360.00
3993,-2360.00
3994,-2360.00
3995,-2340.00
3996,-2340.00
3997,-2360.00
3998,-2360.00
3999,-2360.00
4000,-2340.00
4001,-2340.00
4002,-2360.00
4003,-2340.00
4004,-2280.00
4005,-2340.00
4006,-2360.00
4007,-2340.00
4008,-2360.00
4009,-2340.00
4010,-2340.00
4011,-2360.00
4012,-2340.00
4013,-2340.00
4014,-2360.00
4015,-2340.00
4016,-2360.00
4017,-2340.00
4018,-2360.00
4019,-2340.00
4020,-2360.00
4021,-2360.00
4022,-2360.00
4023,-2340.00
4024,-2340.00
4025,-2360.00
4026,-2360.00
4027,-2320.00
4028,-2340.00
4029,-2340.00
4030,-2360.00
4031,-2360.00
4032,-2340.00
4033,-2360.00
4034,-2360.00
4035,-2360.00
4036,-2360.00
4037,-2360.00
4038,-2340.00
4039,-2360.00
4040,-2360.00
4041,-2340.00
4042,-2360.00
4043,-2360.00
4044,-2360.00
4045,-2360.00
4046,-2360.00
4047,-2340.00
4048,-2360.00
4049,-2340.00
4050,-2340.00
4051,-2360.00
4052,-2360.00
4053,-2360.00
4054,-2360.00
4055,-2360.00
4056,-2340.00
4057,-2360.00
4058,-2340.00
4059,-2340.00
4060,-2340.00
4061,-2340.00
4062,-2360.00
4063,-2360.00
4064,-2340.00
4065,-2360.00
4066,-2360.00
4067,-2360.00
4068,-2360.00
4069,-2360.00
4070,-2340.00
4071,-2360.00
4072,-2360.00
4073,-2340.00
4074,-2360.00
4075,-2360.00
4076,-2360.00
4077,-2340.00
4078,-2340.00
4079,-2320.00
4080,-2360.00
4081,-2340.00
4082,-2360.00
4083,-2340.00
4084,-2360.00
4085,-2360.00
4086,-2360.00
4087,-2360.00
4088,-2360.00
4089,-2360.00
4090,-2360.00
4091,-2360.00
4092,-2360.00
4093,-2360.00
4094,-2360.00
4095,-2360.00
4096,-2340.00
4097,-2360.00
4098,-2340.00
4099,-2360.00
4100,-2340.00
4101,-2360.00
4102,-2360.00
4103,-2360.00
4104,-2360.00
4105,-2360.00
4106,-2360.00
4107,-2360.00
4108,-2360.00
4109,-2360.00
4110,-2360.00
4111,-2360.00
4112,-2360.00
4113,-2340.00
4114,-2380.00
4115,-2340.00
4116,-2360.00
4117,-2340.00
4118,-2360.00
4119,-2360.00
4120,-2360.00
4121,-2360.00
4122,-2360.00
4123,-2360.00
4124,-2360.00
4125,-2340.00
4126,-2360.00
4127,-2360.00
4128,-2360.00
4129,-2360.00
4130,-2360.00
4131,-2360.00
4132,-2360.00
4133,-2360.00
4134,-2360.00
4135,-2340.00
4136,-2340.00
4137,-2360.00
4138,-2360.00
4139,-2360.00
4140,-2360.00
4141,-2360.00
4142,-2360.00
4143,-2360.00
4144,-2340.00
4145,-2360.00
4146,-2360.00
4147,-2360.00
4148,-2360.00
4149,-2360.00
4150,-2380.00
4151,-2360.00
4152,-2360.00
4153,-2360.00
4154,-2360.00
4155,-2340.00
4156,-2360.00
4157,-2360.00
4158,-2360.00
4159,-2360.00
4160,-2360.00
4161,-2360.00
4162,-2340.00
4163,-2360.00
4164,-2340.00
4165,-2360.00
4166,-2340.00
4167,-2360.00
4168,-2360.00
4169,-2360.00
4170,-2340.00
4171,-2360.00
4172,-2320.00
4173,-2360.00
4174,-2360.00
4175,-2360.00
4176,-2360.00
4177,-2360.00
4178,-2360.00
4179,-2360.00
4180,-2360.00
4181,-2360.00
4182,-2360.00
4183,-2340.00
4184,-2360.00
4185,-2360.00
4186,-2360.00
4187,-2340.00
4188,-2360.00
4189,-2380.00
4190,-2360.00
4191,-2340.00
4192,-2400.00
4193,-2360.00
4194,-2360.00
4195,-2360.00
4196,-2360.00
4197,-2360.00
4198,-2360.00
4199,-2360.00
4200,-2340.00
4201,-2360.00
4202,-2360.00
4203,-2360.00
4204,-2360.00
4205,-2360.00
4206,-2360.00
4207,-2360.00
4208,-2360.00
4209,-2360.00
4210,-2360.00
4211,-2360.00
4212,-2360.00
4213,-2360.00
4214,-2360.00
4215,-2360.00
4216,-2360.00
4217,-2340.00
4218,-2360.00
4219,-2360.00
4220,-2360.00
4221,-2360.00
4222,-2360.00
4223,-2360.00
4224,-2360.00
4225,-2380.00
4226,-2360.00
4227,-2360.00
4228,-2360.00
4229,-2360.00
4230,-2320.00
4231,-2360.00
4232,-2360.00
4233,-2360.00
4234,-2360.00
4235,-2360.00
4236,-2360.00
4237,-2340.00
4238,-2360.00
4239,-2360.00
4240,-2360.00
4241,-2360.00
4242,-2360.00
4243,-2360.00
4244,-2360.00
4245,-2360.00
4246,-2360.00
4247,-2360.00
4248,-2360.00
4249,-2360.00
4250,-2360.00
4251,-2360.00
4252,-2360.00
4253,-2360.00
4254,-2360.00
4255,-2360.00
4256,-2360.00
4257,-2360.00
4258,-2360.00
4259,-2360.00
4260,-2360.00
4261,-2360.00
4262,-2360.00
4263,-2380.00
4264,-2360.00
4265,-2360.00
4266,-2360.00
4267,-2360.00
4268,-2340.00
4269,-2360.00
4270,-2360.00
4271,-2360.00
4272,-2360.00
4273,-2360.00
4274,-2360.00
4275,-2340.00
4276,-2360.00
4277,-2360.00
4278,-2360.00
4279,-2360.00
4280,-2360.00
4281,-2360.00
4282,-2380.00
4283,-2360.00
4284,-2380.00
4285,-2380.00
4286,-2360.00
4287,-2360.00
4288,-2360.00
4289,-2360.00
4290,-2360.00
4291,-2380.00
4292,-2360.00
4293,-2360.00
4294,-2360.00
4295,-2360.00
4296,-2360.00
4297,-2360.00
4298,-2360.00
4299,-2360.00
4300,-2360.00
4301,-2360.00
4302,-2340.00
4303,-2360.00
4304,-2360.00
4305,-2380.00
4306,-2360.00
4307,-2360.00
4308,-2380.00
4309,-2360.00
4310,-2360.00
4311,-2360.00
4312,-2360.00
4313,-2340.00
4314,-2360.00
4315,-2360.00
4316,-2360.00
4317,-2360.00
4318,-2360.00
4319,-2360.00
4320,-2360.00
4321,-2340.00
4322,-2360.00
4323,-2340.00
4324,-2360.00
4325,-2360.00
4326,-2360.00
4327,-2380.00
4328,-2360.00
4329,-2360.00
4330,-2360.00
4331,-2360.00
4332,-2360.00
4333,-2360.00
4334,-2360.00
4335,-2360.00
4336,-2360.00
4337,-2360.00
4338,-2360.00
4339,-2360.00
4340,-2360.00
4341,-2360.00
4342,-2360.00
4343,-2360.00
4344,-2360.00
4345,-2360.00
4346,-2360.00
4347,-2360.00
4348,-2360.00
4349,-2360.00
4350,-2360.00
4351,-2380.00
4352,-2380.00
4353,-2360.00
4354,-2340.00
4355,-2360.00
4356,-2360.00
4357,-2360.00
4358,-2360.00
4359,-2380.00
4360,-2380.00
4361,-2360.00
4362,-2360.00
4363,-2340.00
4364,-2360.00
4365,-2360.00
4366,-2360.00
4367,-2380.00
4368,-2360.00
4369,-2360.00
4370,-2360.00
4371,-2380.00
4372,-2360.00
4373,-2360.00
4374,-2380.00
4375,-2360.00
4376,-2360.00
4377,-2340.00
4378,-2360.00
4379,-2360.00
4380,-2360.00
4381,-2380.00
4382,-2360.00
4383,-2360.00
4384,-2360.00
4385,-2360.00
4386,-2360.00
4387,-2360.00
4388,-2360.00
4389,-2340.00
4390,-2360.00
4391,-2360.00
4392,-2340.00
4393,-2360.00
4394,-2360.00
4395,-2360.00
4396,-2360.00
4397,-2360.00
4398,-2360.00
4399,-2360.00
4400,-2360.00
4401,-2380.00
4402,-2360.00
4403,-2360.00
4404,-2360.00
4405,-2360.00
4406,-2360.00
4407,-2360.00
4408,-2360.00
4409,-2360.00
4410,-2360.00
4411,-2360.00
4412,-2360.00
4413,-2360.00
4414,-2360.00
4415,-2360.00
4416,-2360.00
4417,-2360.00
4418,-2360.00
4419,-2300.00
4420,-2360.00
4421,-2360.00
4422,-2360.00
4423,-2360.00
4424,-2360.00
4425,-2380.00
4426,-2360.00
4427,-2340.00
4428,-2340.00
4429,-2360.00
4430,-2360.00
4431,-2380.00
4432,-2360.00
4433,-2360.00
4434,-2360.00
4435,-2360.00
4436,-2360.00
4437,-2360.00
4438,-2360.00
4439,-2360.00
4440,-2360.00
4441,-2360.00
4442,-2380.00
4443,-2360.00
4444,-2360.00
4445,-2360.00
4446,-2360.00
4447,-2340.00
4448,-2360.00
4449,-2360.00
4450,-2360.00
4451,-2380.00
4452,-2360.00
4453,-2360.00
4454,-2360.00
4455,-2360.00
4456,-2360.00
4457,-2360.00
4458,-2360.00
4459,-2360.00
4460,-2360.00
4461,-2360.00
4462,-2360.00
4463,-2380.00
4464,-2340.00
4465,-2340.00
4466,-2360.00
4467,-2360.00
4468,-2360.00
4469,-2380.00
4470,-2360.00
4471,-2360.00
4472,-2360.00
4473,-2360.00
4474,-2360.00
4475,-2360.00
4476,-2360.00
4477,-2360.00
4478,-2360.00
4479,-2360.00
4480,-2380.00
4481,-2380.00
4482,-2360.00
4483,-2360.00
4484,-2360.00
4485,-2360.00
4486,-2360.00
4487,-2360.00
4488,-2380.00
4489,-2360.00
4490,-2360.00
4491,-2360.00
4492,-2360.00
4493,-2360.00
4494,-2360.00
4495,-2360.00
4496,-2360.00
4497,-2360.00
4498,-2360.00
4499,-2360.00
4500,-2360.00
4501,-2360.00
4502,-2360.00
4503,-2360.00
4504,-2360.00
4505,-2360.00
4506,-2360.00
4507,-2360.00
4508,-2380.00
4509,-2360.00
4510,-2360.00
4511,-2360.00
4512,-2360.00
4513,-2380.00
4514,-2360.00
4515,-2360.00
4516,-2380.00
4517,-2360.00
4518,-2360.00
4519,-2360.00
4520,-2360.00
4521,-2360.00
4522,-2360.00
4523,-2360.00
4524,-2360.00
4525,-2360.00
4526,-2360.00
4527,-2360.00
4528,-2360.00
4529,-2380.00
4530,-2360.00
4531,-2360.00
4532,-2360.00
4533,-2360.00
4534,-2360.00
4535,-2360.00
4536,-2360.00
4537,-2380.00
4538,-2360.00
4539,-2360.00
4540,-2360.00
4541,-2360.00
4542,-2360.00
4543,-2340.00
4544,-2360.00
4545,-2380.00
4546,-2380.00
4547,-2360.00
4548,-2380.00
4549,-2360.00
4550,-2360.00
4551,-2360.00
4552,-2360.00
4553,-2360.00
4554,-2380.00
4555,-2360.00
4556,-2360.00
4557,-2360.00
4558,-2360.00
4559,-2360.00
4560,-2360.00
4561,-2380.00
4562,-2360.00
4563,-2380.00
4564,-2360.00
4565,-2360.00
4566,-2380.00
4567,-2360.00
4568,-2360.00
4569,-2360.00
4570,-2360.00
4571,-2380.00
4572,-2380.00
4573,-2360.00
4574,-2360.00
4575,-2380.00
4576,-2360.00
4577,-2360.00
4578,-2380.00
4579,-2360.00
4580,-2380.00
4581,-2360.00
4582,-2380.00
4583,-2360.00
4584,-2380.00
4585,-2360.00
4586,-2360.00
4587,-2360.00
4588,-2360.00
4589,-2360.00
4590,-2360.00
4591,-2360.00
4592,-2360.00
4593,-2360.00
4594,-2360.00
4595,-2360.00
4596,-2360.00
4597,-2360.00
4598,-2360.00
4599,-2360.00
4600,-2360.00
4601,-2360.00
4602,-2360.00
4603,-2360.00
4604,-2360.00
4605,-2380.00
4606,-2360.00
4607,-2360.00
4608,-2400.00
4609,-2360.00
4610,-2380.00
4611,-2360.00
4612,-2360.00
4613,-2360.00
4614,-2380.00
4615,-2360.00
4616,-2360.00
4617,-2360.00
4618,-2360.00
4619,-2360.00
4620,-2360.00
4621,-2360.00
4622,-2360.00
4623,-2380.00
4624,-2360.00
4625,-2360.00
4626,-2360.00
4627,-2360.00
4628,-2380.00
4629,-2360.00
4630,-2360.00
4631,-2380.00
4632,-2360.00
4633,-2360.00
4634,-2380.00
4635,-2360.00
4636,-2360.00
4637,-2360.00
4638,-2360.00
4639,-2360.00
4640,-2360.00
4641,-2360.00
4642,-2380.00
4643,-2360.00
4644,-2360.00
4645,-2360.00
4646,-2400.00
4647,-2360.00
4648,-2360.00
4649,-2360.00
4650,-2380.00
4651,-2360.00
4652,-2360.00
4653,-2380.00
4654,-2360.00
4655,-2360.00
4656,-2360.00
4657,-2360.00
4658,-2360.00
4659,-2380.00
4660,-2360.00
4661,-2360.00
4662,-2360.00
4663,-2360.00
4664,-2360.00
4665,-2360.00
4666,-2360.00
4667,-2360.00
4668,-2360.00
4669,-2360.00
4670,-2360.00
4671,-2380.00
4672,-2360.00
4673,-2380.00
4674,-2360.00
4675,-2380.00
4676,-2360.00
4677,-2360.00
4678,-2380.00
4679,-2360.00
4680,-2360.00
4681,-2360.00
4682,-2360.00
4683,-2380.00
4684,-2360.00
4685,-2360.00
4686,-2360.00
4687,-2360.00
4688,-2360.00
4689,-2360.00
4690,-2360.00
4691,-2360.00
4692,-2340.00
4693,-2380.00
4694,-2360.00
4695,-2360.00
4696,-2360.00
4697,-2360.00
4698,-2360.00
4699,-2360.00
4700,-2360.00
4701,-2380.00
4702,-2360.00
4703,-2360.00
4704,-2380.00
4705,-2360.00
4706,-2360.00
4707,-2360.00
4708,-2360.00
4709,-2360.00
4710,-2380.00
4711,-2360.00
4712,-2360.00
4713,-2360.00
4714,-2380.00
4715,-2360.00
4716,-2380.00
4717,-2360.00
4718,-2360.00
4719,-2360.00
4720,-2360.00
4721,-2360.00
4722,-2360.00
4723,-2380.00
4724,-2360.00
4725,-2380.00
4726,-2360.00
4727,-2360.00
4728,-2360.00
4729,-2380.00
4730,-2360.00
4731,-2360.00
4732,-2360.00
4733,-2360.00
4734,-2360.00
4735,-2360.00
4736,-2360.00
4737,-2360.00
4738,-2380.00
4739,-2360.00
4740,-2360.00
4741,-2360.00
4742,-2380.00
4743,-2360.00
4744,-2360.00
4745,-2360.00
4746,-2340.00
4747,-2360.00
4748,-2360.00
4749,-2380.00
4750,-2380.00
4751,-2360.00
4752,-2360.00
4753,-2360.00
4754,-2380.00
4755,-2360.00
4756,-2360.00
4757,-2380.00
4758,-2380.00
4759,-2420.00
4760,-2380.00
4761,-2380.00
4762,-2360.00
4763,-2380.00
4764,-2360.00
4765,-2380.00
4766,-2360.00
4767,-2360.00
4768,-2360.00
4769,-2360.00
4770,-2360.00
4771,-2360.00
4772,-2360.00
4773,-2360.00
4774,-2360.00
4775,-2360.00
4776,-2380.00
4777,-2360.00
4778,-2360.00
4779,-2380.00
4780,-2360.00
4781,-2360.00
4782,-2360.00
4783,-2360.00
4784,-2380.00
4785,-2360.00
4786,-2360.00
4787,-2360.00
4788,-2360.00
4789,-2360.00
4790,-2360.00
4791,-2360.00
4792,-2340.00
4793,-2360.00
4794,-2360.00
4795,-2360.00
4796,-2360.00
4797,-2380.00
4798,-2360.00
4799,-2360.00
4800,-2360.00
4801,-2360.00
4802,-2360.00
4803,-2360.00
4804,-2400.00
4805,-2380.00
4806,-2360.00
4807,-2360.00
4808,-2380.00
4809,-2360.00
4810,-2360.00
4811,-2360.00
4812,-2360.00
4813,-2360.00
4814,-2360.00
4815,-2360.00
4816,-2360.00
4817,-2360.00
4818,-2360.00
4819,-2380.00
4820,-2380.00
4821,-2360.00
4822,-2360.00
4823,-2360.00
4824,-2360.00
4825,-2380.00
4826,-2360.00
4827,-2360.00
4828,-2360.00
4829,-2360.00
4830,-2360.00
4831,-2380.00
4832,-2360.00
4833,-2360.00
4834,-2380.00
4835,-2360.00
4836,-2360.00
4837,-2360.00
4838,-2360.00
4839,-2380.00
4840,-2360.00
4841,-2360.00
4842,-2340.00
4843,-2360.00
4844,-2380.00
4845,-2380.00
4846,-2360.00
4847,-2360.00
4848,-2380.00
4849,-2360.00
4850,-2360.00
4851,-2380.00
4852,-2380.00
4853,-2360.00
4854,-2380.00
4855,-2360.00
4856,-2360.00
4857,-2380.00
4858,-2380.00
4859,-2380.00
4860,-2360.00
4861,-2380.00
4862,-2340.00
4863,-2380.00
4864,-2360.00
4865,-2360.00
4866,-2360.00
4867,-2360.00
4868,-2360.00
4869,-2380.00
4870,-2360.00
4871,-2360.00
4872,-2360.00
4873,-2360.00
4874,-2380.00
4875,-2360.00
4876,-2380.00
4877,-2380.00
4878,-2360.00
4879,-2360.00
4880,-2360.00
4881,-2360.00
4882,-2380.00
4883,-2360.00
4884,-2360.00
4885,-2360.00
4886,-2380.00
4887,-2360.00
4888,-2360.00
4889,-2360.00
4890,-2360.00
4891,-2380.00
4892,-2360.00
4893,-2360.00
4894,-2380.00
4895,-2380.00
4896,-2360.00
4897,-2360.00
4898,-2360.00
4899,-2360.00
4900,-2360.00
4901,-2360.00
4902,-2360.00
4903,-2380.00
4904,-2380.00
4905,-2360.00
4906,-2380.00
4907,-2360.00
4908,-2360.00
4909,-2360.00
4910,-2320.00
4911,-2360.00
4912,-2360.00
4913,-2360.00
4914,-2380.00
4915,-2360.00
4916,-2360.00
4917,-2360.00
4918,-2360.00
4919,-2360.00
4920,-2360.00
4921,-2380.00
4922,-2360.00
4923,-2360.00
4924,-2360.00
4925,-2360.00
4926,-2360.00
4927,-2380.00
4928,-2360.00
4929,-2360.00
4930,-2360.00
4931,-2360.00
4932,-2360.00
4933,-2380.00
4934,-2360.00
4935,-2360.00
4936,-2380.00
4937,-2380.00
4938,-2360.00
4939,-2360.00
4940,-2380.00
4941,-2380.00
4942,-2380.00
4943,-2360.00
4944,-2380.00
4945,-2360.00
4946,-2380.00
4947,-2360.00
4948,-2360.00
4949,-2360.00
4950,-2360.00
4951,-2360.00
4952,-2360.00
4953,-2360.00
4954,-2360.00
4955,-2380.00
4956,-2340.00
4957,-2360.00
4958,-2360.00
4959,-2380.00
4960,-2360.00
4961,-2360.00
4962,-2360.00
4963,-2360.00
4964,-2360.00
4965,-2360.00
4966,-2360.00
4967,-2360.00
4968,-2360.00
4969,-2360.00
4970,-2360.00
4971,-2360.00
4972,-2360.00
4973,-2360.00
4974,-2360.00
4975,-2380.00
4976,-2360.00
4977,-2360.00
4978,-2360.00
4979,-2360.00
4980,-2360.00
4981,-2360.00
4982,-2360.00
4983,-2360.00
4984,-2360.00
4985,-2360.00
4986,-2360.00
4987,-2360.00
4988,-2360.00
4989,-2360.00
4990,-2360.00
4991,-2360.00
4992,-2360.00
4993,-2360.00
4994,-2360.00
4995,-2360.00
4996,-2360.00
4997,-2380.00
4998,-2380.00
4999,-2360.00
5000,-2360.00
